First Name,Last Name,Club,Position(s),Salary,Player id
Artur,,Columbus Crew,M,"$615,633.00 ",435488
Nanú,,FC Dallas,D,"$668,750.00 ",291399
Zeca,,Houston Dynamo,D,"$259,015.00 ",325196
Luquinhas,,New York Red Bulls,F,"$1,173,125.00 ",402825
Judson,,San Jose Earthquakes,M,"$425,000.00 ",349744
Auro,,Toronto FC,D,"$428,750.00 ",0
Oskar,Ågren,San Jose Earthquakes,D,"$65,500.00 ",972463
Paxten,Aaronson,Philadelphia Union,M,"$111,500.00 ",795738
Lalas,Abubakar,Colorado Rapids,D,"$272,125.00 ",482611
Nicolás,Acevedo,New York City FC,D-M,"$254,800.00 ",625569
Ifunanyachi,Achara,Toronto FC,M,"$84,000.00 ",735809
Bryan,Acosta,Colorado Rapids,M,"$706,667.00 ",314853
Luciano,Acosta,FC Cincinnati,M,"$2,222,854.00 ",315169
George,Acosta,Inter Miami,M,"$65,500.00 ",370975
Kellyn,Acosta,LAFC,M,"$1,215,000.00 ",189895
Mo,Adams,Inter Miami,M,"$150,000.00 ",349781
Samuel,Adeniran,Seattle Sounders FC,F,"$65,500.00 ",643088
Harrison,Afful,Charlotte FC,D,"$332,500.00 ",65830
Daniel,Aguirre,LA Galaxy,M-F,"$66,724.00 ",636066
Matheus,Aias,Orlando City SC,F,"$267,500.00 ",369706
Tesho,Akindele,Orlando City SC,F,"$340,000.00 ",307720
Ayo,Akinola,Toronto FC,F,"$671,875.00 ",370979
Jordy,Alcívar,Charlotte FC,M,"$325,600.00 ",598145
Caio,Alexandre,Vancouver Whitecaps,M,"$539,583.00 ",727751
Tony,Alfaro,DC United,D,"$89,513.00 ",417616
Noah,Allen,Inter Miami,D,"$67,167.00 ",819603
Thiago,Almada,Atlanta United,M-F,"$2,332,000.00 ",576028
Osvaldo,Alonso,Atlanta United,M,"$84,000.00 ",62810
Jozy,Altidore,New England Revolution,F,"$4,264,963.00 ",39378
Alexander,Alvarado,Orlando City SC,F,"$318,240.00 ",379838
Efrain,Álvarez,LA Galaxy,M,"$712,167.00 ",504113
Max,Alves da Silva,Colorado Rapids,M,"$293,360.00 ",0
Luis,Amarilla,Minnesota United,F,"$785,000.00 ",291658
Frankie,Amaya,New York Red Bulls,M,"$381,406.00 ",575368
Mikey,Ambrose,Atlanta United,D,"$85,444.00 ",255918
Malte,Amundsen,New York City FC,D,"$308,700.00 ",363466
Sebastian,Anderson,Colorado Rapids,D,"$106,667.00 ",504146
Thiago,Andrade,New York City FC,F,"$199,600.00 ",694606
Jalil,Anibaba,Columbus Crew,D,"$150,000.00 ",174715
Tah Brian,Anunga,Nashville SC,M,"$176,000.00 ",0
Luiz,Araújo,Atlanta United,F-M,"$3,941,667.00 ",435485
César,Araújo,Orlando City SC,M,"$261,000.00 ",690533
Cristian,Arango,LAFC,M-F,"$683,000.00 ",262999
Julián,Araujo,LA Galaxy,D,"$678,750.00 ",513970
Héber,Araujo dos Santos,New York City FC,F,"$914,000.00 ",150601
Adam,Armour,Charlotte FC,D,"$65,500.00 ",627199
Xavier,Arreaga,Seattle Sounders FC,D,"$700,000.00 ",323854
Kervin,Arriaga,Minnesota United,M,"$103,667.00 ",526050
Paul,Arriola,FC Dallas,M,"$1,130,000.00 ",189876
Carlos,Asensio,Austin FC,D,"$65,500.00 ",393319
Thorleifur,Úlfarsson,Houston Dynamo,F,"$77,699.00 ",743668
George,Asomani,San Jose Earthquakes,M,"$66,724.00 ",900569
Dairon,Asprilla,Portland Timbers,M-F,"$352,500.00 ",260381
Jean-Aniel,Assi,Montreal,,"$91,725.00 ",842419
Karol,Świderski,Charlotte FC,F,"$2,258,000.00 ",330126
Isaac,Atanga,FC Cincinnati,F,"$364,000.00 ",599686
Joshua,Atencio,Seattle Sounders FC,M,"$88,557.00 ",504205
David,Ayala,Portland Timbers,M,"$395,000.00 ",661094
Edison,Azcona,Inter Miami,M,"$65,500.00 ",794699
Dominique,Badji,FC Cincinnati,F,"$555,000.00 ",354840
Zico,Bailey,FC Cincinnati,D,"$84,000.00 ",370980
Corey,Baird,Houston Dynamo,F,"$471,031.00 ",336182
Mateo,Bajamich,Houston Dynamo,F,"$346,069.00 ",610228
Esmir,Bajraktarevic,New England Revolution,M,"$71,559.00 ",925862
Reed,Baker-Whiting,Seattle Sounders FC,M,"$85,500.00 ",793957
Michael,Baldisimo,Vancouver Whitecaps,M,"$109,178.00 ",493611
Grayson,Barber,Major League Soccer,F,"$87,750.00 ",857183
Ezequiel,Barco,Atlanta United,M,"$2,200,000.00 ",456623
Tom,Barlow,New York Red Bulls,F,"$188,151.00 ",509916
Luis,Barraza,New York City FC,GK,"$132,688.00 ",644782
Álvaro,Barreal,FC Cincinnati,F,"$350,000.00 ",613873
Michael,Barrios,Colorado Rapids,M,"$680,000.00 ",313286
Lucas,Bartlett,FC Dallas,D,"$84,000.00 ",972456
Ethan,Bartlow,Houston Dynamo,D,"$91,500.00 ",636185
Cole,Bassett,Colorado Rapids,M,"$450,000.00 ",605144
Zorhan,Bassong,Montreal,D,"$137,500.00 ",531835
Josh,Bauer,Nashville SC,D,"$66,724.00 ",637359
Tanner,Beason,San Jose Earthquakes,D,"$200,000.00 ",635660
Gavin,Beavers,Real Salt Lake,GK,"$71,083.00 ",798050
Alejandro,Bedoya,Philadelphia Union,M,"$1,110,000.00 ",111783
Steven,Beitashour,Colorado Rapids,D,"$172,500.00 ",145114
Jon,Bell,New England Revolution,D,"$84,000.00 ",735811
Nico,Benalcázar,New York City FC,D,"$65,500.00 ",469786
Benjamin,Bender,Charlotte FC,M,"$83,000.00 ",972143
Joe,Bendik,Philadelphia Union,GK,"$250,000.00 ",168713
Julio,Benitez,Real Salt Lake,M,"$75,125.00 ",830603
Sebastian,Berhalter,Vancouver Whitecaps,M,"$137,250.00 ",734761
Miguel,Berry,Columbus Crew,F,"$120,000.00 ",735115
Matt,Bersano,San Jose Earthquakes,GK,"$106,375.00 ",429255
Nick,Besler,Real Salt Lake,M,"$210,000.00 ",354597
Victor,Bezerra,Chicago Fire,F,"$96,461.00 ",968504
Janio,Bikel,Vancouver Whitecaps,M,"$438,750.00 ",288121
David,Bingham,Portland Timbers,GK,"$84,000.00 ",176157
Steven,Birnbaum,DC United,D,"$762,500.00 ",0
Tyler,Blackett,FC Cincinnati,D,"$807,600.00 ",134414
Tristan,Blackmon,Vancouver Whitecaps,D,"$401,208.00 ",562383
Andre,Blake,Philadelphia Union,GK,"$869,375.00 ",244149
Sebastián,Blanco,Portland Timbers,M-F,"$1,708,000.00 ",54576
Latif,Blessing,LAFC,M,"$416,667.00 ",398238
Emmanuel,Boateng,New England Revolution,M,"$225,000.00 ",279681
Blake,Bodily,Portland Timbers,M,"$84,000.00 ",381026
Isaac,Boehmer,Vancouver Whitecaps,GK,"$65,500.00 ",802143
Jonathan,Bond,LA Galaxy,GK,"$526,875.00 ",130768
Pablo,Bonilla,Portland Timbers,D,"$144,667.00 ",486174
Alex,Bono,Toronto FC,GK,"$557,000.00 ",272881
Jonathan,Bornstein,Chicago Fire,D,"$330,000.00 ",39454
Gustavo,Bou,New England Revolution,M-F,"$2,675,000.00 ",71608
Ousseni,Bouda,San Jose Earthquakes,F,"$96,500.00 ",972453
Michael,Boxall,Minnesota United,D,"$655,307.00 ",81723
Michael,Bradley,Toronto FC,M,"$1,500,000.00 ",30593
Chris,Brady,Chicago Fire,GK,"$85,900.00 ",765504
Zachary,Brault-Guillard,Montreal,D,"$319,375.00 ",395676
Claudio,Bravo,Portland Timbers,D,"$323,310.00 ",441408
Sebastian,Breza,Montreal,GK,"$84,000.00 ",459842
Andrew,Brody,Real Salt Lake,M,"$89,277.00 ",415663
Brandt,Bronico,Charlotte FC,M,"$134,330.00 ",271183
Javain,Brown,Vancouver Whitecaps,D,"$97,481.00 ",509499
Will,Bruin,Seattle Sounders FC,F,"$260,000.00 ",173486
Noel,Buck,New England Revolution,M,"$65,500.00 ",882657
Jesús,Bueno,Philadelphia Union,M,"$155,378.00 ",565000
Adam,Buksa,New England Revolution,F,"$1,106,250.00 ",267160
Teal,Bunbury,Nashville SC,M-F,"$416,667.00 ",141217
Cory,Burke,Philadelphia Union,F,"$450,770.00 ",408051
Kendall,Burks,Chicago Fire,D,"$84,000.00 ",972462
Evan,Bush,Columbus Crew,GK,"$84,000.00 ",148916
Handwalla,Bwana,Nashville SC,F-M,"$140,000.00 ",425824
Brandon,Bye,New England Revolution,D,"$343,813.00 ",562389
Cristian,Cásseres Jr.,New York Red Bulls,M,"$274,000.00 ",467632
Sergio,Córdova,Real Salt Lake,F,"$696,000.00 ",377387
Kevin,Cabral,LA Galaxy,F,"$1,650,000.00 ",460632
Déiber,Caicedo,Vancouver Whitecaps,M-F,"$331,125.00 ",543467
Scott,Caldwell,Real Salt Lake,M,"$205,000.00 ",228117
Drake,Callender,Inter Miami,GK,"$130,000.00 ",723561
Alexander,Callens,New York City FC,D,"$814,000.00 ",147462
Francisco,Calvo,San Jose Earthquakes,D,"$925,937.00 ",188470
Rudy,Camacho,Montreal,D,"$554,000.00 ",170904
Geoff,Cameron,FC Cincinnati,D,"$440,667.00 ",31642
Matteo,Campagna,Vancouver Whitecaps,D-M,"$74,512.00 ",886913
Leonardo,Campana,Inter Miami,F,"$135,680.00 ",606872
George,Campbell,Atlanta United,D,"$98,000.00 ",585769
Russell,Canouse,DC United,M,"$515,000.00 ",184133
Antônio,Carlos,Orlando City SC,D,"$925,000.00 ",207446
Wikelman,Carmona,New York Red Bulls,M,"$69,474.00 ",661147
Julián,Carranza,Philadelphia Union,F,"$900,000.00 ",491707
Adalberto,Carrasquilla,Houston Dynamo,M,"$469,132.00 ",375300
Antonio,Carrera,FC Dallas,GK,"$85,019.00 ",826462
Máximo,Carrizo,New York City FC,M,"$84,357.00 ",989968
Javier,Casas Jr.,Chicago Fire,M,"$85,900.00 ",724411
Julio,Cascante,Austin FC,D,"$337,500.00 ",194909
Dylan,Castanheira,Atlanta United,GK,"$85,444.00 ",644774
Jesús,Castellano,New York Red Bulls,M,"$70,868.00 ",886331
Robert,Castellanos,Nashville SC,D,"$84,000.00 ",488127
Valentín,Castellanos,New York City FC,M,"$1,076,000.00 ",522784
Juan,Castilla,Houston Dynamo,M,"$70,022.00 ",749970
Lucas,Cavallini,Vancouver Whitecaps,F,"$1,462,500.00 ",221038
Roman,Celentano,FC Cincinnati,GK,"$99,000.00 ",972454
Erik,Centeno,Atlanta United,D,"$75,276.00 ",886410
Darwin,Cerén,Houston Dynamo,M,"$240,000.00 ",229330
Edwin,Cerrillo,FC Dallas,M,"$130,000.00 ",652470
Maikel,Chang,Real Salt Lake,M,"$98,261.00 ",259271
Maxime,Chanot,New York City FC,D,"$700,000.00 ",89030
Léo,Chú,Seattle Sounders FC,M-F,"$550,000.00 ",468320
Diego,Chará,Portland Timbers,M,"$683,333.00 ",77163
Yimmi,Chará,Portland Timbers,M,"$1,803,000.00 ",165361
Justin,Che,FC Dallas,D,"$109,209.00 ",796429
Mathieu,Choinière,Montreal,M,"$134,238.00 ",589006
Machop,Chol,Atlanta United,M,"$65,500.00 ",637456
Kadin,Chung,Toronto FC,D,"$70,631.00 ",407650
José,Cifuentes,LAFC,M,"$411,750.00 ",450211
Ronaldo,Cisneros,Atlanta United,F,"$244,000.00 ",312570
Osvaldo,Cisneros,Sporting Kansas City,F,"$68,500.00 ",745462
Abdoulaye,Cissoko,Seattle Sounders FC,D,"$66,724.00 ",705864
Steve,Clark,Houston Dynamo,GK,"$620,031.00 ",141704
Caden,Clark,New York Red Bulls,M,"$331,850.00 ",742297
Stefan,Cleveland,Seattle Sounders FC,GK,"$167,500.00 ",482647
Simon,Colyn,Vancouver Whitecaps,M,"$85,444.00 ",579756
Jackson,Conway,Atlanta United,F,"$84,000.00 ",469862
Gabriele,Corbo,Montreal,D,"$120,192.00 ",423614
Derek,Cornelius,Vancouver Whitecaps,D,"$127,050.00 ",328609
Joe,Corona,Major League Soccer,M,"$315,000.00 ",162940
Carlos Miguel,Coronel,New York Red Bulls,GK,"$529,660.00 ",378871
Guzman,Corujo,Charlotte FC,D,"$633,500.00 ",486210
Douglas,Costa,LA Galaxy,F,"$3,000,000.00 ",75615
Séga,Coulibaly,LA Galaxy,D,"$457,000.00 ",229003
Cade,Cowell,San Jose Earthquakes,F,"$635,364.00 ",647235
Maxime,Crépeau,LAFC,GK,"$302,500.00 ",189014
Brandan,Craig,Philadelphia Union,M,"$97,825.00 ",745451
Cody,Cropper,Vancouver Whitecaps,GK,"$84,000.00 ",170540
Allan,Cruz,FC Cincinnati,M,"$1,254,000.00 ",313234
Rafael,Czichos,Chicago Fire,D,"$1,336,667.00 ",84150
Brenner,da Silva,FC Cincinnati,F,"$2,218,600.00 ",0
Luis,Díaz,Columbus Crew,M,"$408,900.00 ",0
Cristian,Dájome,Vancouver Whitecaps,F,"$815,625.00 ",385454
Jurgen,Damm,Major League Soccer,M,"$1,613,509.00 ",221735
Abu,Danladi,Minnesota United,F,"$142,125.00 ",476676
Sean,Davis,Nashville SC,M,"$637,500.00 ",271184
Bode,Davis,Real Salt Lake,M-F,"$88,294.00 ",763768
Jacob,Davis,Sporting Kansas City,M,"$65,500.00 ",0
Antônio,De Almeida Junior,Orlando City SC,M,"$780,000.00 ",0
Alex,De John,Atlanta United,D,"$85,444.00 ",318222
Gregore,de Magalhães Silva,Inter Miami,M,"$801,000.00 ",0
Jack,De Vries,Philadelphia Union,M,"$165,556.00 ",659781
Miloš,Degenek,Columbus Crew,D,"$812,000.00 ",187353
AJ,DeLaGarza,New England Revolution,D-M,"$250,000.00 ",0
Marco,Delgado,LA Galaxy,M,"$726,250.00 ",222565
Nick,DePuy,LA Galaxy,D,"$231,000.00 ",482622
Jeffrey,Dewsnup,Real Salt Lake,GK,"$93,825.00 ",746828
Joseph,DeZart,Orlando City SC,M,"$89,716.00 ",637450
Bakaye,Dibassy,Minnesota United,D,"$743,125.00 ",410059
Eric,Dick,Minnesota United,GK,"$84,000.00 ",520238
Clement,Diop,Inter Miami,GK,"$136,250.00 ",190915
Sofiane,Djeffal,DC United,M,"$65,500.00 ",636090
Moussa,Djitté,Austin FC,F,"$550,000.00 ",591796
Ethan,Dobbelaere,Seattle Sounders FC,M,"$103,716.00 ",688746
Cecilio,Dominguez,Austin FC,F,"$1,736,000.00 ",273012
Irakoze,Donasiyano,Nashville SC,M-D,"$66,724.00 ",638739
Griffin,Dorsey,Houston Dynamo,D,"$144,000.00 ",405187
CJ,Dos Santos,Inter Miami,GK,"$70,800.00 ",532096
Hassani,Dotson,Minnesota United,M-D,"$457,500.00 ",636081
Sebastian,Driussi,Austin FC,F,"$2,317,000.00 ",294853
Erik,Dueñas,LAFC,D,"$102,000.00 ",792335
Bryce,Duke,Inter Miami,M,"$120,000.00 ",739675
Cameron,Duke,Sporting Kansas City,M,"$93,000.00 ",469850
Cameron,Dunbar,LA Galaxy,F,"$136,750.00 ",692091
Jhon,Durán,Chicago Fire,F,"$167,000.00 ",649317
Chris,Durkin,DC United,M,"$445,000.00 ",367423
Dom,Dwyer,Atlanta United,F,"$84,000.00 ",105185
Jeremy,Ebobisse,San Jose Earthquakes,F,"$766,617.00 ",460529
Daniel,Edelman,New York Red Bulls,M,"$75,352.00 ",724413
Michael,Edwards,Colorado Rapids,D,"$84,000.00 ",653313
Raheem,Edwards,LA Galaxy,D-M,"$307,500.00 ",367429
Tom,Edwards,New York Red Bulls,D-M,"$422,481.00 ",430788
Earl,Edwards Jr.,New England Revolution,GK,"$84,000.00 ",354886
David,Egbo,Vancouver Whitecaps,F,"$66,724.00 ",637353
Jack,Elliott,Philadelphia Union,D,"$793,750.00 ",490362
Kalil,ElMedkhar,FC Dallas,F,"$65,500.00 ",637479
Fred,Emmings,Minnesota United,GK,"$90,000.00 ",739023
Franco,Escobar,LAFC,D,"$550,008.00 ",338169
Jhon,Espinoza,Chicago Fire,D,"$242,500.00 ",514380
Cristian,Espinoza,San Jose Earthquakes,F,"$1,265,000.00 ",278992
Róger,Espinoza,Sporting Kansas City,M,"$300,000.00 ",71096
Lucas,Esteves,Colorado Rapids,D,"$415,503.00 ",688668
Michael,Estrada,DC United,F,"$425,700.00 ",265481
Bento,Estrela,New York Red Bulls,M,"$90,724.00 ",862416
Derrick,Etienne,Columbus Crew,M,"$175,000.00 ",354763
Diego,Fagúndez,Austin FC,M,"$450,000.00 ",170100
Mamadou,Fall,LAFC,D-M,"$118,750.00 ",898751
Marco,Farfán,FC Dallas,D,"$225,000.00 ",429443
Zackery,Farnsworth,Real Salt Lake,D,"$98,750.00 ",793327
Andrew,Farrell,New England Revolution,D,"$443,750.00 ",253616
Keesean,Ferdinand,Montreal,D,"$99,936.00 ",718095
Marcus,Ferkranus,LA Galaxy,D,"$113,625.00 ",688744
Thiago,Fernandes,Houston Dynamo,F,"$370,344.00 ",638305
Omir,Fernandez,New York Red Bulls,M,"$155,000.00 ",467271
Jesús,Ferreira,FC Dallas,F,"$1,499,000.00 ",474249
Sebastián,Ferreira,Houston Dynamo,F,"$1,970,200.00 ",401727
Stuart,Findlay,Philadelphia Union,D,"$450,000.00 ",165334
Ethan,Finlay,Austin FC,M,"$350,000.00 ",212949
Oniel,Fisher,Minnesota United,D,"$133,000.00 ",357278
Leon,Flach,Philadelphia Union,M,"$263,750.00 ",391929
Ashley,Fletcher,New York Red Bulls,F,"$1,569,750.00 ",289846
Edison,Flores,DC United,M-F,"$1,733,000.00 ",194998
George,Fochivé,Portland Timbers,M,"$84,000.00 ",265671
Andreu,Fontás,Sporting Kansas City,D,"$1,125,000.00 ",65237
Kortne,Ford,Sporting Kansas City,D,"$151,667.00 ",480719
Taxiarchis,Fountas,DC United,F,"$1,646,000.00 ",192409
Franco,Fragapane,Minnesota United,M-F,"$257,496.00 ",226005
Alan,Franco,Atlanta United,D,"$667,500.00 ",503343
Alan Steven,Franco,Charlotte FC,M,"$538,300.00 ",400960
Ian,Fray,Inter Miami,D,"$84,000.00 ",744586
Tyler,Freeman,Major League Soccer,F,"$112,500.00 ",623183
Alex,Freeman,Orlando City SC,D,"$69,500.00 ",985806
Matt,Freese,Philadelphia Union,GK,"$137,000.00 ",500309
Stefan,Frei,Seattle Sounders FC,GK,"$500,000.00 ",99617
Christian,Fuchs,Charlotte FC,D,"$375,000.00 ",6636
Gilbert,Fuentes,San Jose Earthquakes,M,"$208,750.00 ",504206
Tomás,Gómez,Real Salt Lake,GK,"$84,000.00 ",253761
Yeimar,Gómez Andrade,Seattle Sounders FC,D,"$719,092.00 ",343359
Ruben,Gabrielsen,Austin FC,D,"$950,000.00 ",107662
Ray,Gaddis,FC Cincinnati,D,"$230,000.00 ",213017
Julian,Gaines,LAFC,F,"$87,444.00 ",504210
Orrin McKinze,Gaines II,Charlotte FC,F,"$86,750.00 ",332708
Jon,Gallagher,Austin FC,F,"$155,000.00 ",562553
Pedro,Gallese,Orlando City SC,GK,"$515,000.00 ",95172
Braian,Galván,Colorado Rapids,F,"$414,322.00 ",533566
Jeremy,Garay,DC United,M,"$69,550.00 ",684180
Justin,Garces,Atlanta United,GK,"$65,500.00 ",411930
Chris,Garcia,Real Salt Lake,F,"$94,300.00 ",743691
Chase,Gasper,Minnesota United,D,"$400,000.00 ",336167
Ryan,Gauld,Vancouver Whitecaps,M,"$2,265,000.00 ",193081
Dániel,Gazdag,Philadelphia Union,M-F,"$586,250.00 ",249030
Kieran,Gibbs,Inter Miami,D,"$378,167.00 ",44792
Carles,Gil,New England Revolution,M,"$3,545,833.00 ",127987
Gastón,Gimenez,Chicago Fire,M,"$2,360,667.00 ",216758
Francisco,Ginella,LAFC,M,"$572,250.00 ",538091
Tomas,Giraldo,Montreal,M,"$121,000.00 ",718096
Justen,Glad,Real Salt Lake,D,"$735,031.00 ",334597
Jakob,Glesnes,Philadelphia Union,D,"$739,063.00 ",185636
Christopher,Gloster,New York City FC,D,"$238,000.00 ",532097
Marcus,Godinho,Vancouver Whitecaps,D,"$88,444.00 ",381069
Aníbal,Godoy,Nashville SC,M,"$871,250.00 ",161671
Érik,Godoy,Vancouver Whitecaps,D,"$550,000.00 ",225479
Omar,González,New England Revolution,D,"$450,000.00 ",99690
Leandro,Gonzalez Pirez,Inter Miami,D,"$1,052,750.00 ",113130
Samuel,Grandsir,LA Galaxy,F-M,"$988,427.00 ",432772
Tayvon,Gray,New York City FC,D,"$144,788.00 ",627200
Jacob,Greene,DC United,D-M,"$88,444.00 ",684181
Ján,Greguš,San Jose Earthquakes,M,"$655,000.00 ",112317
Julian,Gressel,DC United,M,"$969,781.00 ",229640
Adam,Grinwis,Orlando City SC,GK,"$85,444.00 ",228150
Diego,Gutiérrez,Portland Timbers,F,"$65,500.00 ",988941
Cristián,Gutiérrez,Vancouver Whitecaps,D,"$267,500.00 ",385104
Brian,Gutierrez,Chicago Fire,M,"$105,900.00 ",724443
Andrew,Gutman,Atlanta United,D,"$331,250.00 ",638408
Brad,Guzan,Atlanta United,GK,"$458,216.00 ",39471
Justin,Haak,New York City FC,M,"$85,444.00 ",610628
Luke,Haakenson,Nashville SC,M,"$84,000.00 ",749605
Kamron,Habibullah,Vancouver Whitecaps,M-F,"$94,882.00 ",718092
Teenage,Hadebe,Houston Dynamo,D,"$1,179,177.00 ",429975
Nick,Hagglund,FC Cincinnati,D,"$84,000.00 ",307890
Marlon,Hairston,Columbus Crew,M-D,"$175,000.00 ",306401
Siad,Haji,San Jose Earthquakes,F,"$129,000.00 ",644779
Michael,Halliday,Orlando City SC,D,"$99,447.00 ",750532
Bret,Halsey,Real Salt Lake,D,"$91,500.00 ",638740
Ahmed,Hamdi,Montreal,M,"$572,500.00 ",413100
Bill,Hamid,DC United,GK,"$700,000.00 ",77714
Niko,Hansen,Minnesota United,M,"$219,400.00 ",482613
Cameron,Harper,New York Red Bulls,M-F,"$276,250.00 ",699461
Nathan,Harriel,Philadelphia Union,D,"$107,500.00 ",610627
Calvin,Harris,FC Cincinnati,F,"$100,444.00 ",627141
Carlos Miguel,Harvey,LA Galaxy,D-M,"$84,000.00 ",628806
Thomas,Hasal,Vancouver Whitecaps,GK,"$173,934.00 ",487505
Jacori,Hayes,Minnesota United,M,"$199,833.00 ",482621
Matt,Hedges,FC Dallas,D,"$900,000.00 ",212984
Christopher,Hegardt,Charlotte FC,M,"$73,012.00 ",693378
Doneil,Henry,LAFC,D,"$403,000.00 ",157907
Fabian,Herbers,Chicago Fire,M,"$281,250.00 ",196077
Ronald,Hernández,Atlanta United,D,"$300,000.00 ",428745
Felipe,Hernández,Sporting Kansas City,M,"$85,444.00 ",464518
Dominick,Hernandez,FC Dallas,M,"$76,438.00 ",0
Javier,Hernandez,LA Galaxy,F,"$6,000,000.00 ",50935
Aaron,Herrera,Real Salt Lake,D,"$368,794.00 ",401362
Gonzalo,Higuaín,Inter Miami,F,"$5,793,750.00 ",39153
Brendan,Hines-Ike,DC United,D,"$417,917.00 ",411302
Bongokuhle,Hlongwane,Minnesota United,F,"$580,000.00 ",669202
Danny,Hoesen,Austin FC,F,"$716,667.00 ",81163
Ian,Hoffmann,Houston Dynamo,D,"$85,444.00 ",0
Ryan,Hollingshead,LAFC,D,"$393,750.00 ",256354
Erik,Holt,Real Salt Lake,D,"$125,000.00 ",510344
Jackson,Hopkins,DC United,M,"$65,833.00 ",912098
Matt,Hundley,Major League Soccer,F,"$119,000.00 ",637277
Adrien,Hunou,Minnesota United,F,"$2,687,702.00 ",203507
Erik,Hurtado,Columbus Crew,F,"$84,000.00 ",255922
Emerson,Hyndman,Atlanta United,M,"$657,143.00 ",223047
Franco,Ibarra,Atlanta United,D-M,"$520,000.00 ",741685
Sebastien,Ibeagha,LAFC,D,"$252,125.00 ",170854
Sunusi,Ibrahim,Montreal,F,"$291,250.00 ",672502
James,Igbekeme,Columbus Crew,M,"$408,281.00 ",375849
Tega,Ikoba,Portland Timbers,F,"$85,444.00 ",797423
Clint,Irwin,Colorado Rapids,GK,"$213,300.00 ",222110
Nicolas,Isimat-Mirin,Sporting Kansas City,D,"$1,028,124.00 ",147846
Aljaz,Ivacic,Portland Timbers,GK,"$248,333.00 ",231923
Stanislav,Ivanov,Chicago Fire,M,"$359,000.00 ",412537
Kamil,Jóźwiak,Charlotte FC,F-M,"$1,017,000.00 ",289167
Aziel,Jackson,Minnesota United,M-F,"$70,621.00 ",889193
Jacob,Jackson,New England Revolution,GK,"$65,500.00 ",583163
Robin,Jansson,Orlando City SC,D,"$581,250.00 ",151678
Franco,Jara,FC Dallas,F,"$3,227,000.00 ",75035
Andres,Jasson,New York City FC,M,"$117,144.00 ",627208
Cal,Jennings,LAFC,F,"$84,000.00 ",635861
David,Jensen,New York Red Bulls,M-F,"$389,635.00 ",78819
Jesús,Jiménez,Toronto FC,F-M,"$934,927.00 ",510545
Hector,Jimenez,Austin FC,D,"$200,000.00 ",178226
Jonathan,Jimenez,New York City FC,F,"$65,500.00 ",974593
Bjorn,Johnsen,Montreal,F,"$1,236,667.00 ",250686
Sean,Johnson,New York City FC,GK,"$550,000.00 ",126630
Alistair,Johnston,Montreal,M-D,"$445,625.00 ",637446
Derrick,Jones,Charlotte FC,M,"$207,969.00 ",411554
Joevin,Jones,Inter Miami,D-M,"$458,100.00 ",154194
DeJuan,Jones,New England Revolution,D-M,"$370,000.00 ",637146
Dejan,Joveljić,LA Galaxy,F,"$612,500.00 ",336382
Preston,Judd,LA Galaxy,F,"$65,500.00 ",855145
Florian,Jungwirth,Vancouver Whitecaps,D-M,"$592,667.00 ",33078
Sam,Junqua,Houston Dynamo,D,"$89,513.00 ",644781
Chris,Kablan,Real Salt Lake,D,"$126,000.00 ",237986
Kristijan,Kahlina,Charlotte FC,GK,"$451,875.00 ",133831
Brent,Kallman,Minnesota United,D,"$168,000.00 ",226643
Ola,Kamara,DC United,F,"$1,520,000.00 ",62067
Kei,Kamara,Montreal,F,"$94,000.00 ",39049
Alec,Kann,FC Cincinnati,GK,"$220,833.00 ",216686
Johan,Kappelhof,Real Salt Lake,D-M,"$287,000.00 ",124888
Wilfrid,Kaptoum,New England Revolution,M,"$582,500.00 ",256120
Ercan,Kara,Orlando City SC,F,"$1,860,000.00 ",320701
Mark-Anthony,Kaye,Colorado Rapids,M,"$700,000.00 ",343553
Axel,Kei,Real Salt Lake,F,"$81,500.00 ",921859
Aboubacar,Keita,Colorado Rapids,D,"$135,000.00 ",638733
Kipp,Keller,Austin FC,M,"$96,500.00 ",649399
Jon,Kempin,DC United,GK,"$84,000.00 ",161010
Deandre,Kerr,Toronto FC,M-F,"$70,819.00 ",718098
Henry,Kessler,New England Revolution,D,"$170,000.00 ",638732
Logan,Ketterer,Montreal,GK,"$84,000.00 ",493563
Nabilai,Kibunguchy,Minnesota United,F,"$66,724.00 ",433960
Benjamin,Kikanovic,San Jose Earthquakes,F,"$91,219.00 ",736752
Gadi,Kinda,Sporting Kansas City,M,"$918,000.00 ",200560
Perry,Kitchen,Columbus Crew,M,"$326,667.00 ",131183
Edward,Kizza,New England Revolution,F,"$66,724.00 ",857412
Freddy,Kleeman,Austin FC,D,"$66,724.00 ",636198
Patryk,Klimala,New York Red Bulls,F,"$1,135,000.00 ",387153
Jonathan,Klinsmann,LA Galaxy,GK,"$200,000.00 ",334992
Sacha,Kljestan,LA Galaxy,M,"$84,000.00 ",39475
Brad,Knighton,New England Revolution,GK,"$157,500.00 ",59470
Zan,Kolmanic,Austin FC,D,"$300,000.00 ",469686
Ismael,Koné,Montreal,M,"$68,125.00 ",921655
Damir,Kreilach,Real Salt Lake,M,"$1,550,000.00 ",68884
Theodore,Ku-DiPietro,DC United,M,"$65,500.00 ",677832
Yuya,Kubo,FC Cincinnati,M,"$1,206,750.00 ",186260
Jojea,Kwizera,Montreal,M,"$65,500.00 ",972464
Jake,La Cava,New York Red Bulls,F,"$65,500.00 ",651588
Jasper,Löeffelsend,Real Salt Lake,M,"$84,000.00 ",0
Marcos,López,San Jose Earthquakes,D,"$440,250.00 ",432175
Javier,López,San Jose Earthquakes,F,"$860,000.00 ",0
Erik,López Samaniego,Atlanta United,F,"$528,300.00 ",0
Lassi,Lappalainen,Montreal,M,"$540,000.00 ",322993
Oliver,Larraz,Colorado Rapids,M,"$65,500.00 ",728312
Damian,Las,Austin FC,GK,"$65,500.00 ",504143
Ariel,Lassiter,Inter Miami,F,"$230,280.00 ",329713
Vuk,Latinovich,New York City FC,D,"$85,444.00 ",884245
Kemar,Lawrence,Minnesota United,D,"$482,500.00 ",288710
Randall,Leal,Nashville SC,F-M,"$965,000.00 ",297786
Kelvin,Leerdam,LA Galaxy,D,"$335,000.00 ",92936
Nico,Lemoine,Houston Dynamo,F,"$84,000.00 ",345627
Brooks,Lennon,Atlanta United,D,"$500,000.00 ",345627
Antonio,Leone,LAFC,D-M,"$102,000.00 ",745454
Jonathan,Lewis,Colorado Rapids,F,"$435,000.00 ",479610
Danny,Leyva,Seattle Sounders FC,M,"$129,423.00 ",623444
Nick,Lima,Austin FC,D,"$350,000.00 ",478802
Jaylin,Lindsey,Charlotte FC,D,"$235,625.00 ",370970
Sebastian,Lletget,New England Revolution,M,"$1,023,750.00 ",175996
Aké,Loba,Nashville SC,F,"$1,491,475.00 ",515512
Robin,Lod,Minnesota United,M-F,"$952,496.00 ",173573
Nicolás,Lodeiro,Seattle Sounders FC,M,"$3,256,667.00 ",72653
Aaron,Long,New York Red Bulls,D,"$1,080,000.00 ",271072
Ahmed,Longmire,Nashville SC,M-D,"$65,500.00 ",972459
Marvin,Loría,Portland Timbers,M,"$164,375.00 ",298207
Daniel,Lovitz,Nashville SC,D,"$498,750.00 ",271198
Damion,Lowe,Inter Miami,D,"$268,333.00 ",271716
Everton,Luiz,Real Salt Lake,M,"$570,833.00 ",75076
Adam,Lundkvist,Houston Dynamo,D,"$372,500.00 ",0
Jack,Lynn,Orlando City SC,F,"$65,500.00 ",596770
Sebastián,Méndez,Orlando City SC,M,"$636,750.00 ",330682
Romain,Métanire,Minnesota United,D,"$819,250.00 ",154209
Larrys,Mabiala,Portland Timbers,D,"$450,000.00 ",55366
Aimé,Mabika,Inter Miami,D,"$73,625.00 ",637490
Lucas,Maciel Felix,New England Revolution,M,"$69,902.00 ",737380
Zac,MacMath,Real Salt Lake,GK,"$200,000.00 ",156300
Lukas,MacNaughton,Toronto FC,D,"$86,100.00 ",657940
Talles,Magno,New York City FC,F,"$1,198,000.00 ",677512
Jack,Maher,Nashville SC,D,"$164,000.00 ",405189
Christian,Makoun,Charlotte FC,D-M,"$200,000.00 ",463667
JT,Marcinkowski,San Jose Earthquakes,GK,"$300,000.00 ",336163
Anthony,Marcucci Jr.,New York Red Bulls,GK,"$66,724.00 ",884244
Paul,Marie,San Jose Earthquakes,D,"$156,375.00 ",182907
Anthony,Markanich,Colorado Rapids,D,"$65,500.00 ",972467
Nick,Markanich,FC Cincinnati,F,"$65,500.00 ",972764
George,Marks,Charlotte FC,GK,"$65,500.00 ",497142
Jahkeele,Marshall-Rutty,Toronto FC,F,"$136,842.00 ",640852
Nick,Marsman,Inter Miami,GK,"$587,184.00 ",158104
Josef,Martínez,Atlanta United,F,"$4,141,667.00 ",162569
José Antonio,Martinez,FC Dallas,D,"$723,000.00 ",311287
José Andrés,Martinez,Philadelphia Union,M,"$276,250.00 ",415666
Felipe,Martins,Austin FC,M,"$84,000.00 ",85012
Thiago,Martins,New York City FC,D,"$1,962,000.00 ",277318
Alexandru,Matan,Columbus Crew,M,"$458,250.00 ",368942
Ronald,Matarrita,FC Cincinnati,D,"$806,875.00 ",268273
Blaise,Matuidi,Inter Miami,M,"$1,500,000.00 ",33923
Jimmy,Maurer,FC Dallas,GK,"$292,887.00 ",183337
Chris,Mavinga,Toronto FC,D,"$1,037,500.00 ",93732
Philip,Mayaka,Colorado Rapids,M,"$113,000.00 ",856527
Olivier,Mbaizo,Philadelphia Union,D,"$367,343.00 ",426944
John,McCarthy,LAFC,GK,"$110,000.00 ",271718
Dax,McCarty,Nashville SC,M,"$517,500.00 ",39479
Christian,McFarlane,New York City FC,M,"$83,756.00 ",936001
Jack,McGlynn,Philadelphia Union,M,"$91,400.00 ",724547
Zac,McGraw,Portland Timbers,D,"$84,000.00 ",788522
Kendall,McIntosh,Sporting Kansas City,GK,"$120,000.00 ",189890
Justin,McMaster,Minnesota United,M,"$66,724.00 ",446630
Tommy,McNamara,New England Revolution,M,"$240,000.00 ",307892
Quinn,McNeill,Charlotte FC,M,"$65,500.00 ",1002272
Christopher,McVey,Inter Miami,D,"$224,292.00 ",321155
Ryan,Meara,New York Red Bulls,GK,"$324,000.00 ",213051
Jimmy,Medranda,Seattle Sounders FC,M-D,"$210,000.00 ",283624
Haris,Medunjanin,FC Cincinnati,M,"$248,750.00 ",30666
Tim,Melia,Sporting Kansas City,GK,"$529,167.00 ",119722
Vinicius,Mello,Charlotte FC,F,"$334,900.00 ",815677
Jonathan,Menéndez,Real Salt Lake,M-F,"$602,813.00 ",232142
Jonathan,Mensah,Columbus Crew,D,"$1,140,667.00 ",110622
Justin,Meram,Real Salt Lake,M,"$468,750.00 ",175387
Bryan,Meredith,Nashville SC,GK,"$84,000.00 ",192399
William,Meyer,Nashville SC,GK,"$65,500.00 ",230021
Nicolás,Mezquida,Colorado Rapids,M,"$84,000.00 ",99993
Benji,Michel,Orlando City SC,F,"$121,303.00 ",627183
Djordje,Mihailovic,Montreal,M,"$751,875.00 ",484756
Matko,Miljevic,Montreal,M,"$593,364.00 ",632797
Tyler,Miller,Minnesota United,GK,"$445,938.00 ",353479
Kamal,Miller,Montreal,D,"$345,000.00 ",487504
Eric,Miller,Nashville SC,D,"$168,000.00 ",245315
Ben,Mines,FC Cincinnati,M,"$88,840.00 ",455564
Alexandru,Mitrita,New York City FC,F,"$1,150,000.00 ",209649
Cody,Mizell,New York City FC,GK,"$85,444.00 ",297422
Kevin,Molino,Columbus Crew,M,"$700,348.00 ",123096
Alex,Monis,Chicago Fire,M,"$85,900.00 ",724442
Jamiro,Monteiro,San Jose Earthquakes,M,"$1,293,500.00 ",272930
Fredy,Montero,Seattle Sounders FC,F,"$110,000.00 ",73852
Callum,Montgomery,Minnesota United,D,"$87,361.00 ",637412
Lucas,Monzón,New York Red Bulls,D,"$243,917.00 ",796973
Drew,Moor,Colorado Rapids,D,"$172,500.00 ",39503
Joseph,Mora,Charlotte FC,D,"$200,000.00 ",131255
v,Mora,Portland Timbers,F,"$955,000.00 ",176927
Efrain,Morales,Atlanta United,D,"$65,500.00 ",746832
Alfredo,Morales,New York City FC,M,"$662,250.00 ",58500
Maxi,Moralez,New York City FC,M,"$1,300,000.00 ",30687
Steven,Moreira,Columbus Crew,D,"$632,708.00 ",203517
Marcelino,Moreno,Atlanta United,F-M,"$460,000.00 ",456617
Junior,Moreno,FC Cincinnati,M,"$373,750.00 ",265152
Santiago,Moreno,Portland Timbers,F,"$344,576.00 ",654766
Lewis,Morgan,New York Red Bulls,M-F,"$653,125.00 ",311351
Aidan,Morris,Columbus Crew,M,"$172,000.00 ",513968
Jake,Morris,Columbus Crew,D,"$65,500.00 ",456004
Jordan,Morris,Seattle Sounders FC,F,"$1,370,100.00 ",337807
Jean,Mota,Inter Miami,D-M,"$805,000.00 ",215212
João,Moutinho,Orlando City SC,D,"$263,000.00 ",461906
Hany,Mukhtar,Nashville SC,M,"$1,637,500.00 ",146155
Jake,Mulraney,Atlanta United,M,"$338,777.00 ",264206
Eddie,Munjoma,FC Dallas,D,"$84,000.00 ",636468
Jesús,Murillo,LAFC,D,"$509,500.00 ",364058
Ian,Murphy,FC Cincinnati,D,"$67,750.00 ",636800
Danny,Musovski,LAFC,F,"$93,988.00 ",562494
Alex,Muyl,Nashville SC,M,"$331,562.00 ",413690
Darlington,Nagbe,Columbus Crew,M,"$1,760,000.00 ",173489
Andy,Najar,DC United,D,"$375,000.00 ",145838
Miguel Ángel,Navarro,Chicago Fire,D,"$247,000.00 ",509390
Federico,Navarro,Chicago Fire,M,"$277,504.00 ",632131
Logan,Ndenbe,Sporting Kansas City,D,"$396,125.00 ",481634
Jalen,Neal,LA Galaxy,D,"$113,625.00 ",724439
Sean,Nealis,New York Red Bulls,D,"$196,875.00 ",644798
Dylan,Nealis,New York Red Bulls,D,"$200,000.00 ",638385
John,Nelson,FC Cincinnati,D,"$73,500.00 ",351504
Michael,Nelson,Houston Dynamo,GK,"$139,500.00 ",562558
Jayden,Nelson,Toronto FC,F,"$136,586.00 ",635445
Jake,Nerwinski,Vancouver Whitecaps,D,"$280,000.00 ",482612
Evan,Newton,Vancouver Whitecaps,GK,"$114,802.00 ",175618
Serge,Ngoma,New York Red Bulls,F,"$85,451.00 ",817115
Jaroslaw,Niezgoda,Portland Timbers,F,"$976,758.00 ",269446
Tsiki,Ntsabeleng,FC Dallas,M,"$65,500.00 ",972468
Obinna,Nwobodo,FC Cincinnati,M,"$1,028,100.00 ",364299
Moses,Nyeman,DC United,M,"$92,502.00 ",677834
Shane,O'Neill,Toronto FC,D,"$358,000.00 ",229912
Kevin,O'Toole,New York City FC,F,"$65,500.00 ",437874
Jáder,Obrian,FC Dallas,F,"$467,100.00 ",361433
Alfonso,Ocampo-Chávez,Seattle Sounders FC,F,"$114,500.00 ",504214
David,Ochoa,Real Salt Lake,GK,"$103,500.00 ",580234
Emmanuel,Ochoa,San Jose Earthquakes,GK,"$94,051.00 ",723386
Chris,Odoi-Atsem,DC United,D,"$151,000.00 ",482616
Chinonso,Offor,Chicago Fire,F,"$209,396.00 ",693412
Noble,Okello,Toronto FC,M,"$126,815.00 ",544025
Tani,Oluwaseyi,Minnesota United,M-F,"$65,500.00 ",972465
Wyatt,Omsberg,Chicago Fire,D,"$157,000.00 ",562554
Kwadwo,Opoku,LAFC,F-M,"$133,095.00 ",565774
Matej,Oravec,Philadelphia Union,M,"$314,500.00 ",389619
Arquímides,Ordóñez,FC Cincinnati,F,"$69,037.00 ",905609
Sergio,Oregel,Chicago Fire,M,"$65,500.00 ",830604
Jaziel,Orozco,Real Salt Lake,D,"$65,500.00 ",821032
Cristian,Ortíz,Charlotte FC,M-F,"$300,000.00 ",126239
Jonathan,Osorio,Toronto FC,M,"$1,026,250.00 ",260807
Samuel,Owusu,New York City FC,D,"$85,444.00 ",974594
Leonard,Owusu,Vancouver Whitecaps,M,"$401,250.00 ",579628
Adrien,Pérez,DC United,F,"$89,513.00 ",589774
Jonathan,Pérez,LA Galaxy,M,"$171,750.00 ",694158
Devin,Padelford,Minnesota United,D,"$72,500.00 ",993090
Maarten,Paes,FC Dallas,GK,"$187,500.00 ",396077
Diego,Palacios,LAFC,D,"$510,000.00 ",425567
Marcelo,Palomino,Houston Dynamo,M,"$84,000.00 ",469859
Elliot,Panicco,Nashville SC,GK,"$85,444.00 ",637410
James,Pantemis,Montreal,GK,"$160,833.00 ",429217
Cristhian,Paredes,Portland Timbers,M,"$350,000.00 ",401728
Isaiah,Parente,Columbus Crew,M,"$70,724.00 ",637451
Isaiah,Parker,FC Dallas,D,"$77,500.00 ",972455
Tim,Parker,Houston Dynamo,D,"$1,037,500.00 ",354737
Keaton,Parks,New York City FC,M,"$500,000.00 ",451860
Tyler,Pasher,Houston Dynamo,F,"$165,381.00 ",189018
Alexandre,Pato,Orlando City SC,F,"$400,000.00 ",37579
João,Paulo,Seattle Sounders FC,M,"$1,283,333.00 ",135984
Damiano,Pecile,Vancouver Whitecaps,M,"$89,894.00 ",718088
Nathan Raphael,Pelae Cardoso,San Jose Earthquakes,D,"$691,250.00 ",339711
Matias,Pellegrini,Major League Soccer,M-F,"$970,833.00 ",606267
Jason,Pendant,New York Red Bulls,D,"$400,750.00 ",272639
Andrés,Perea,Orlando City SC,M,"$248,500.00 ",491536
Danny,Pereira,Austin FC,M,"$102,258.00 ",0
Gabriel,Pereira,New York City FC,F,"$624,500.00 ",736954
Mauricio,Pereyra,Orlando City SC,M,"$1,348,000.00 ",102452
Jordan,Perruzza,Toronto FC,F,"$86,500.00 ",465976
Luca,Petrasso,Toronto FC,D,"$65,500.00 ",494826
Dorde,Petrovic,New England Revolution,GK,"$225,000.00 ",0
Fafà,Picault,Houston Dynamo,F,"$600,000.00 ",216683
Kayden,Pierre,Sporting Kansas City,D,"$70,600.00 ",806614
Samuel,Piette,Montreal,M,"$429,750.00 ",189019
Mauricio,Pineda,Chicago Fire,D-M,"$248,875.00 ",345621
Rodrigo,Pineiro,Nashville SC,F,"$372,500.00 ",481272
Donovan,Pines,DC United,D,"$152,000.00 ",638692
Rodolfo,Pizarro,Inter Miami,M-F,"$3,350,000.00 ",234918
Tomas,Pochettino,Austin FC,M,"$585,000.00 ",348354
Matt,Polster,New England Revolution,D-M,"$353,437.00 ",354613
Celio,Pompeu,Major League Soccer,M,"$65,500.00 ",982524
Paxton,Pomykal,FC Dallas,M,"$700,000.00 ",0
Gino,Portella,Philadelphia Union,D,"$99,169.00 ",422264
Alvas,Powell,FC Cincinnati,D,"$167,000.00 ",189772
Alejandro,Pozuelo,Toronto FC,M,"$4,693,000.00 ",188853
Jack,Price,Colorado Rapids,M,"$725,000.00 ",129062
Ralph,Priso--Mbongue,Toronto FC,M,"$89,195.00 ",0
Kacper,Przybylko,Chicago Fire,F,"$1,212,504.00 ",86030
Alan,Pulido,Sporting Kansas City,F,"$2,200,000.00 ",143045
William,Pulisic,Austin FC,GK,"$66,724.00 ",315780
John,Pulskamp,Sporting Kansas City,GK,"$92,216.00 ",577858
Andrew,Putna,Real Salt Lake,GK,"$168,458.00 ",494257
Joshué,Quiñónez,FC Dallas,D,"$227,833.00 ",653327
Facundo,Quignón,FC Dallas,M,"$840,627.00 ",131218
Darwin,Quintero,Houston Dynamo,F,"$661,250.00 ",55666
Jairo,Quinteros,Inter Miami,D,"$85,000.00 ",623022
Romell,Quioto,Montreal,F,"$885,000.00 ",221907
Daniel,Ríos,Charlotte FC,F,"$251,500.00 ",325603
Kaveh,Rad,Sporting Kansas City,D,"$84,000.00 ",576880
Jackson,Ragen,Seattle Sounders FC,D,"$65,500.00 ",507901
Brooklyn,Raines,Houston Dynamo,M,"$83,563.00 ",940016
Gregory,Ranjitsingh,Toronto FC,GK,"$89,167.00 ",367436
Ryan,Raposo,Vancouver Whitecaps,M,"$114,000.00 ",0
Justin,Rasmussen,Portland Timbers,D,"$65,500.00 ",636615
Rayan,Raveloson,LA Galaxy,M,"$855,025.00 ",344576
Sean,Rea,Montreal,,"$92,431.00 ",718099
Matthew,Real,Philadelphia Union,D,"$105,000.00 ",368897
Beni,Redžic,FC Dallas,M,"$74,346.00 ",674610
Rodney,Redes,Austin FC,F,"$412,500.00 ",664546
Eric,Remedi,San Jose Earthquakes,M,"$450,000.00 ",362364
Justin,Rennicks,New England Revolution,F,"$120,000.00 ",368907
Andrés,Reyes,New York Red Bulls,D,"$469,375.00 ",582995
Yordy,Reyna,Charlotte FC,M-F,"$797,500.00 ",200779
Andre,Reynolds,Chicago Fire,D,"$98,000.00 ",647501
Emanuel,Reynoso,Minnesota United,M,"$1,066,910.00 ",439626
Spencer,Richey,Chicago Fire,GK,"$132,000.00 ",131190
Will,Richmond,San Jose Earthquakes,F,"$65,500.00 ",635663
Tosaint,Ricketts,Vancouver Whitecaps,F,"$84,000.00 ",94579
Alexander,Ring,Austin FC,M,"$1,640,000.00 ",82113
Daniel Esteban,Rios,Houston Dynamo,M,"$70,022.00 ",749935
Damián,Rivera,New England Revolution,M,"$84,000.00 ",722649
Wilfredo,Rivera,Orlando City SC,,"$66,724.00 ",750537
Nigel,Robertha,DC United,F,"$622,406.00 ",315280
Thomas,Roberts,FC Dallas,M,"$157,000.00 ",513967
Miles,Robinson,Atlanta United,D,"$737,500.00 ",468022
Robert,Robinson,Inter Miami,F,"$185,000.00 ",0
Harrison,Robledo,FC Cincinnati,F,"$86,391.00 ",989015
Missael,Rodríguez,Chicago Fire,F,"$65,500.00 ",946064
Memo,Rodríguez,Houston Dynamo,M,"$310,935.00 ",367063
Emerson,Rodríguez,Inter Miami,M,"$350,500.00 ",715140
Brian,Rodríguez,LAFC,F,"$1,144,800.00 ",465818
Santiago,Rodríguez,New York City FC,M,"$612,500.00 ",465819
Allan,Rodriguez,Chicago Fire,M,"$85,900.00 ",745457
Abraham,Rodriguez,Colorado Rapids,GK,"$84,000.00 ",659765
Cristian,Roldán,Seattle Sounders FC,M,"$981,542.00 ",354792
Álex,Roldán,Seattle Sounders FC,M-D,"$232,500.00 ",562560
Jhohan,Romaña,Austin FC,D,"$440,000.00 ",741963
Tomás,Romero,LAFC,GK,"$95,000.00 ",465105
Dave,Romney,Nashville SC,D,"$475,000.00 ",367552
Rafael,Romo,DC United,GK,"$285,833.00 ",101031
Eloy,Room,Columbus Crew,GK,"$883,000.00 ",79294
Joseph,Rosales,Minnesota United,M,"$65,500.00 ",657225
Oriol,Rosell,Sporting Kansas City,M,"$475,000.00 ",166628
Keegan,Rosenberry,Colorado Rapids,D,"$400,000.00 ",268302
Matheus,Rossetto,Atlanta United,M,"$662,500.00 ",445000
Kelyn,Rowe,Seattle Sounders FC,M-D,"$275,000.00 ",183118
Rubio,Rubín,Real Salt Lake,F,"$582,937.00 ",331282
Diego,Rubio Kostner,Colorado Rapids,F,"$629,583.00 ",0
Raúl,Ruidíaz,Seattle Sounders FC,F,"$3,201,120.00 ",129724
Sergio,Ruiz,Charlotte FC,M,"$613,000.00 ",394694
Pablo,Ruiz,Real Salt Lake,M,"$523,500.00 ",401580
Albert,Rusnák,Seattle Sounders FC,M,"$1,871,667.00 ",43228
Johnny,Russell,Sporting Kansas City,F,"$2,000,000.00 ",55494
Zach,Ryan,New York Red Bulls,F,"$65,500.00 ",467272
Richard,Sánchez,LA Galaxy,GK,"$84,000.00 ",178861
Ilie,Sánchez,LAFC,M,"$1,150,000.00 ",65298
Ryan,Sailor,Inter Miami,D,"$65,500.00 ",636207
Carlos,Salcedo,Toronto FC,D,"$2,351,000.00 ",256866
Adam,Saldaña,LA Galaxy,M,"$95,447.00 ",504207
Nathan-Dylan,Saliba,Montreal,,"$94,822.00 ",842420
Shea,Salinas,San Jose Earthquakes,F,"$280,000.00 ",80670
Dániel,Sallói,Sporting Kansas City,F,"$506,667.00 ",321946
Gaoussou,Samake,DC United,D-M,"$84,000.00 ",569049
Will,Sands,Columbus Crew,D,"$90,250.00 ",393327
James,Sands,New York City FC,D-M,"$493,956.00 ",393321
Koa,Santos,Charlotte FC,D,"$65,500.00 ",987825
Pedro,Santos,Columbus Crew,D,"$687,500.00 ",131163
Sergio,Santos,Philadelphia Union,F,"$918,500.00 ",370561
CJ,Sapong,Nashville SC,F,"$550,000.00 ",174724
Hayden,Sargis,DC United,D,"$65,500.00 ",693178
Szabolcs,Schön,FC Dallas,F,"$391,800.00 ",451281
Rodrigo,Schlegel,Orlando City SC,D,"$200,000.00 ",504258
Tate,Schmitt,Real Salt Lake,F,"$92,500.00 ",637658
Max,Schneider,Major League Soccer,M,"$65,500.00 ",0
Patrick,Schulte,Columbus Crew,GK,"$96,431.00 ",649397
Brady,Scott,Columbus Crew,GK,"$84,000.00 ",370844
Dante,Sealy,FC Dallas,F,"$153,400.00 ",568179
Eddie,Segura,LAFC,D,"$224,000.00 ",459466
Amar,Sejdić,Atlanta United,M,"$85,444.00 ",424993
Boris,Sekulic,Chicago Fire,D,"$668,900.00 ",217709
Brandon,Servania,FC Dallas,M,"$455,833.00 ",455979
Jacob,Shaffelburg,Toronto FC,M-F,"$136,500.00 ",637632
Xherdan,Shaqiri,Chicago Fire,M,"$8,153,000.00 ",86792
Brek,Shea,Inter Miami,M-D,"$206,100.00 ",71107
Khiry,Shelton,Sporting Kansas City,F,"$350,000.00 ",354609
Andre,Shinyashiki,Colorado Rapids,F,"$150,000.00 ",636331
Bobby,Shuttleworth,Atlanta United,GK,"$125,000.00 ",115887
Marcelo,Silva,Real Salt Lake,D,"$646,667.00 ",76743
Luke,Singh,Toronto FC,D,"$91,966.00 ",628769
Jonathan,Sirois,Montreal,GK,"$88,319.00 ",749407
Pablo,Sisniega,Charlotte FC,GK,"$200,667.00 ",351477
Jack,Skahan,San Jose Earthquakes,M,"$84,000.00 ",637225
Drew,Skundrich,DC United,M,"$89,513.00 ",562499
Gabriel,Slonina,Chicago Fire,GK,"$147,800.00 ",656316
Brad,Smith,DC United,D,"$591,250.00 ",175745
Kimarni,Smith,DC United,M-F,"$85,444.00 ",857312
Collin,Smith,FC Dallas,D,"$93,000.00 ",686941
Kyle,Smith,Orlando City SC,D,"$141,244.00 ",429271
Jan,Sobocinski,Charlotte FC,D,"$351,250.00 ",320747
Anthony,Sorenson,Philadelphia Union,M,"$88,444.00 ",797971
Santiago,Sosa,Atlanta United,M-F,"$643,100.00 ",576026
Omar,Sowe,New York Red Bulls,F,"$93,086.00 ",696603
Ryan,Spaulding,New England Revolution,M,"$65,500.00 ",709179
Dayne,St. Clair,Minnesota United,GK,"$321,875.00 ",439750
Mason,Stajduhar,Orlando City SC,GK,"$89,716.00 ",401361
Daniel,Steres,Houston Dynamo,D,"$468,750.00 ",227909
Jared,Stroud,Austin FC,M,"$84,000.00 ",573442
Brad,Stuver,Austin FC,GK,"$185,000.00 ",300600
Quinn,Sullivan,Philadelphia Union,M,"$103,500.00 ",795232
Hunter,Sulte,Portland Timbers,GK,"$69,892.00 ",617576
Beckham,Sunderland,FC Cincinnati,GK,"$87,863.00 ",824176
Ben,Sweat,Sporting Kansas City,D,"$200,000.00 ",268310
Nkosi,Tafari,FC Dallas,D,"$197,950.00 ",501877
Ismael,Tajouri-Shradi,LAFC,F,"$647,860.00 ",158120
Andrew,Tarbell,Austin FC,GK,"$308,333.00 ",417349
Robert,Taylor,Inter Miami,F,"$278,900.00 ",251836
David,Taylor,Minnesota United,M,"$85,444.00 ",0
Russell,Teibert,Vancouver Whitecaps,M,"$437,500.00 ",103627
Ruan,Teixeira,Orlando City SC,D,"$360,000.00 ",520491
Carlos,Terán,Chicago Fire,D,"$255,440.00 ",649184
Dylan,Teves,Seattle Sounders FC,M,"$65,500.00 ",520220
Andrew,Thomas,Seattle Sounders FC,GK,"$91,500.00 ",635673
Tommy,Thompson,San Jose Earthquakes,D,"$280,000.00 ",308005
Kosi,Thompson,Toronto FC,M,"$70,760.00 ",893148
Robert,Thorkelsson,Montreal,D,"$173,500.00 ",0
Anton,Tinnerholm,New York City FC,D,"$800,000.00 ",109196
John,Tolkin,New York Red Bulls,D,"$105,000.00 ",683812
Nouhou,Tolo,Seattle Sounders FC,D,"$344,274.00 ",436332
Christian,Torres,LAFC,F,"$101,230.00 ",792334
Joaquín,Torres,Montreal,M,"$279,800.00 ",359233
Facundo,Torres,Orlando City SC,F,"$953,200.00 ",465822
"Dantouma ""Yaya""",Toure,Colorado Rapids,F,"$80,118.00 ",746836
Mason,Toye,Montreal,F,"$558,000.00 ",562388
Mohamed,Traore,LAFC,D,"$100,000.00 ",802341
Wil,Trapp,Minnesota United,M,"$784,875.00 ",199559
Arnór,Traustason,New England Revolution,M,"$438,405.00 ",0
Jackson,Travis,Colorado Rapids,M,"$68,000.00 ",990810
Auston,Trusty,Colorado Rapids,D,"$890,292.00 ",389253
Niko,Tsakiris,San Jose Earthquakes,M,"$69,667.00 ",973420
Bill,Tuiloma,Portland Timbers,D-M,"$304,450.00 ",172333
Matt,Turner,New England Revolution,GK,"$500,000.00 ",425306
Cole,Turner,Philadelphia Union,M,"$92,716.00 ",659780
Ema,Twumasi,FC Dallas,D,"$336,900.00 ",562391
Marinos,Tzionis,Sporting Kansas City,F-M,"$612,500.00 ",511885
Mikael,Uhre,Philadelphia Union,F,"$1,582,500.00 ",264423
Víctor,Ulloa,Inter Miami,M,"$250,000.00 ",158123
Maximiliano,Urruti,Austin FC,F,"$661,250.00 ",193781
Brandon,Vázquez,FC Cincinnati,F,"$304,167.00 ",389255
Victor,Vázquez,LA Galaxy,M,"$440,000.00 ",35813
Xavier,Valdez,Houston Dynamo,GK,"$75,211.00 ",989980
Jhojan,Valencia,Austin FC,M,"$400,125.00 ",388289
Felipe,Valencia-Barona,Inter Miami,F,"$65,500.00 ",0
Zarek,Valentin,Houston Dynamo,D,"$290,000.00 ",173492
Gustavo,Vallecilla,Colorado Rapids,D,"$344,880.00 ",477041
Silvester,van der Water,Orlando City SC,F,"$349,750.00 ",386164
Jose,Van Rankin,Portland Timbers,D-M,"$85,000.00 ",221412
Obed,Vargas,Seattle Sounders FC,M,"$74,531.00 ",889435
Carlos,Vela,LAFC,F,"$4,050,000.00 ",35773
Alan,Velasco,FC Dallas,F,"$1,305,000.00 ",661154
Matías,Vera,Houston Dynamo,M,"$622,812.00 ",368801
Kenneth,Vermeer,FC Cincinnati,GK,"$84,000.00 ",30290
Ranko,Veselinovic,Vancouver Whitecaps,D,"$490,500.00 ",336381
Jorge,Villafaña,LA Galaxy,D,"$486,667.00 ",59531
Pedro,Vite,Vancouver Whitecaps,M,"$609,997.00 ",659806
Robert,Voloder,Sporting Kansas City,D,"$427,860.00 ",452392
Justin,vom Steeg,Portland Timbers,GK,"$84,000.00 ",455856
Nikola,Vujnovic,Sporting Kansas City,F,"$481,705.00 ",293260
Kai,Wagner,Philadelphia Union,D,"$581,000.00 ",357842
Anton,Walkes,Charlotte FC,D,"$353,594.00 ",307763
Casey,Walls,San Jose Earthquakes,D,"$103,000.00 ",724440
Rémi,Walter,Sporting Kansas City,M,"$800,000.00 ",215686
Victor,Wanyama,Montreal,M,"$3,091,667.00 ",77760
Collen,Warner,Colorado Rapids,M,"$84,000.00 ",147418
Bryce,Washington,Atlanta United,D,"$65,500.00 ",900440
Taylor,Washington,Nashville SC,D-M,"$93,989.00 ",417394
Joel,Waterman,Montreal,D,"$133,909.00 ",441738
Patrick,Weah,Minnesota United,M-F,"$79,910.00 ",749067
Jude,Wellings,Real Salt Lake,M,"$81,500.00 ",943909
Quentin,Westberg,Toronto FC,GK,"$313,583.00 ",33934
Brian,White,Vancouver Whitecaps,F,"$456,000.00 ",562555
Caleb,Wiley,Atlanta United,D,"$67,100.00 ",746833
Josh,Williams,Columbus Crew,D,"$325,000.00 ",163492
Derrick,Williams,LA Galaxy,D,"$821,458.00 ",128287
Thomas,Williams,Orlando City SC,D,"$73,254.00 ",0
Eryk,Williamson,Portland Timbers,M,"$550,000.00 ",349706
Joe,Willis,Nashville SC,GK,"$316,250.00 ",175615
Danny,Wilson,Colorado Rapids,D,"$354,750.00 ",103819
Tyler,Wolff,Atlanta United,F-M,"$114,500.00 ",763648
Owen,Wolff,Austin FC,M,"$78,553.00 ",797414
Bobby,Wood,Real Salt Lake,F,"$1,018,161.00 ",72519
Karifa,Yao,Montreal,D,"$89,933.00 ",677677
Darren,Yapi,Colorado Rapids,F,"$76,333.00 ",746837
William,Yarbrough,Colorado Rapids,GK,"$375,000.00 ",215473
Dru,Yearwood,New York Red Bulls,M,"$544,750.00 ",526597
Yaw,Yeboah,Columbus Crew,M,"$663,750.00 ",358985
DeAndre,Yedlin,Inter Miami,D,"$848,750.00 ",255916
Griffin,Yow,DC United,F,"$136,118.00 ",627205
Jackson,Yueill,San Jose Earthquakes,M,"$736,875.00 ",349707
Gyasi,Zardes,Colorado Rapids,F,"$1,550,000.00 ",254230
Eriq,Zavaleta,LA Galaxy,D,"$84,000.00 ",131193
Sean,Zawadzki,Columbus Crew,M,"$89,000.00 ",600170
Gedion,Zelalem,New York City FC,M,"$84,000.00 ",228370
Lucas,Zelarayán,Columbus Crew,M,"$3,700,000.00 ",230030
Adrian,Zendejas,Charlotte FC,GK,"$91,986.00 ",384129
Walker,Zimmerman,Nashville SC,D,"$1,156,050.00 ",245337
Rida,Zouhir,Montreal,M,"$92,431.00 ",842421
Ethan,Zubak,Nashville SC,F,"$130,000.00 ",375617
Dario,Zuparic,Portland Timbers,D,"$766,667.00 ",165381
Graham,Zusi,Sporting Kansas City,D,"$450,000.00 ",108353